{"cameraMode":{"drawMode":0,"name":"Shaded","section":"Shading Mode"},"sceneLighting":true,"audioPlay":false,"sceneViewState":{"showFog":true,"showMaterialUpdate":false,"showSkybox":true,"showFlares":true,"showImageEffects":true,"showParticleSystems":true,"showVisualEffectGraphs":true,"m_FxEnabled":true},"in2DMode":false,"pivot":{"x":3.1080713272094728,"y":-28.970121383666993,"z":-21.668794631958009},"rotation":{"x":0.5672419667243958,"y":-0.15455807745456696,"z":0.10938598960638046,"w":0.8014897704124451},"size":35.996726989746097,"orthographic":false}